file,bytes,sha256,location
P10_historical_time_bars.json,6760,23044e8b180b441952d0f4d79675be3853d11bafdc6804403d9debc8138ee082,<quarantine>/probe_20260731T102133Z
P1_exchange_permissions.json,835,2f30f8e346d9069997020554bae20554ffe64fb35ee29b76805aed4a2498d4e5,<quarantine>/probe_20260731T102133Z
P2_front_month.json,43,69c2b0be354de823589ef56693db1d54dc1bb7bbfaafac98fc2fa827d16e547f,<quarantine>/probe_20260731T102133Z
P3_reference_data.json,501,da2fa2b8159e38c6b72ffe24bae9f77f8f65355910cdb8e777cd772c0b7f6db7,<quarantine>/probe_20260731T102133Z
P4_l1_trades_bbo.json,53705,7764c3382210b036f6cbfad5c4baa66f6a0e76a3333c79212df568a7e2ab5749,<quarantine>/probe_20260731T102133Z
P5_session_stats.json,18965,05d1c2761183c61af7e2502ae3415687560ed21f04a2efc57a915ba101440d8b,<quarantine>/probe_20260731T102133Z
P6a_order_book.json,71650,669f09d8dc26c25a8ebbd9ee0ab3176ed47686eb825281ced1f5dec26ed9c34c,<quarantine>/probe_20260731T102133Z
P6b_depth_by_order.json,28100,50dfc72138e29260e686356f4891b9575552a713213f088a31887056d7be3d1b,<quarantine>/probe_20260731T102133Z
P7_option_reference_data.json,2921,ecd64541961636844a2ea4611a626f3664f9c3e3caf0c793a4119d6cd2ecd8d2,<quarantine>/probe_20260731T102133Z
P7_option_search.json,55057,ea07c7e0bd3ea04370ea8316cf38a5bf6da83376e6c507d9087e99ebdc711ee6,<quarantine>/probe_20260731T102133Z
P8_option_market_data.json,3740,84abf73e5089b87a46fff23db05b1cc6a127b0a602a1c1c98c33e31e530b023b,<quarantine>/probe_20260731T102133Z
probe_results.csv,6125,a4d097ace9343ddb96b3436c2ea046f0893566e0f06d8f448a437dd112ffe645,<quarantine>/probe_20260731T102133Z
transcript.txt,7049,2a48ec2862bd809dd97c4987bfefa257cf44f64c7999fc24b59ad5f9e7801a83,<quarantine>/probe_20260731T102133Z
